{
    "desecrated_zones": [
        {
            "start_time_utc": "2023-01-27 00:00:00",
            /* "end_time_utc": "2022-12-15 00:00:00", */ /* Use end time to automate multiple configs. Useful for events. */
            "terror_duration_min": 60,
            "terror_break_min": 0,
            "seed": 16664395743969097666, /* UInt64. Can't be above 18446744073709551615 */
            "non_ladder_enabled": true,
            "enabled_normal": true,
            "enabled_nightmare": true,
            "enabled_hell": true,
            "default_normal": {
                "bound_incl_min": 3, /* Minimum level of a terrorized monster. MAX(bound_incl_min, original_monster_level) */
                "bound_incl_max": 45, /* Maximum level of a terrorized monster. MAX(bound_incl_max, original_monster_level) */
                "boost_level": 2, /* player_level + boost_level = terrorized_monster_level */
                "difficulty_scale": 1, /* Fake the amount of players in the game. AKA /players X */
                "boost_experience_percent": 25 /* Bonus experience percentage applied at to the monster's base experience in monstats.txt */
            },
            "default_nightmare": {
                "bound_incl_min": 40,
                "bound_incl_max": 80,
                "boost_level": 2,
                "difficulty_scale": 1,
                "boost_experience_percent": 25
            },
            "default_hell": {
                "bound_incl_min": 70,
                "bound_incl_max": 99,
                "boost_level": 2,
                "difficulty_scale": 1,
                "boost_experience_percent": 25
            },
            "warnings": [
                {
                    "announce_time_min": 10,
                    "tier": 1
                },
                {
                    "announce_time_min": 5,
                    "tier": 2
                },
                {
                    "announce_time_min": 1,
                    "tier": 3
                },
                {
                    /* DO NOT REMOVE! ALWAYS NEED A TIER 0 AT MINUTE 0. DO NOT REMOVE! */
                    "announce_time_min": 0,
                    "tier": 0
                }
            ],
            "zones": [
                {
                    "id": 1,
                    /* You can have a MAX of 20 desecrated levels at a time */
                    "levels": [
                        {
                            /* Tower Cellar Level 5 */
                            "level_id": 25
                        },
                        {
                            /* Catacombs Level 4 */
                            "level_id": 37,
                            "waypoint_level_id": 35
                        },
                        {
                            /* Moo Moo Farm */
                            "level_id": 39
                        },
                        {
                            /* Arcane Sanctuary */
                            "level_id": 74,
                            /* Arcane Sanctuary */
                            "waypoint_level_id": 74
                        },
                        {
                            /* Durance of Hate Level 3 */
                            "level_id": 102,
                            "waypoint_level_id": 101
                        },
                        {
                            /* Chaos Sanctuary */
                            "level_id": 108,
                            "waypoint_level_id": 107
                        },
                        {
                            /* Halls of Vaught */
                            "level_id": 124,
                            "waypoint_level_id": 123
                        },
                        {
                            /* Throne of Destruction */
                            "level_id": 131,
                            "waypoint_level_id": 129
                        },
                        {
                            /* Worldstone Chamber */
                            "level_id": 132
                        }
                    ]
                }
            ]
        }
    ]
}



