{
    "type": "BankPanel", "name": "BankOriginalLayout",
    "fields": {
        "priority": 5,
        "rect": "$LeftPanelRect",
        "anchor": "$LeftPanelAnchor"
    },
    "children": [
        {
            "type": "ClickCatcherWidget", "name": "click_catcher",
            "fields": {
                "rect": "$PanelClickCatcherRect"
            }
        },
        {
            "type": "ImageWidget", "name": "background",
            "fields": {
                "filename": "PANEL\\Stash\\StashPanel_BG2",
                "rect": { "x": 0, "y": -210 }
            }
        },
        {
            "type": "ImageWidget", "name": "LeftHinge",
            "fields": {
                "rect": "$LeftHingeRect",
                "filename": "$LeftHingeSprite"
            }
        },
        {
            "type": "TextBoxWidget", "name": "title",
            "fields": {
                "rect": { "x": 877, "y": -112 },
                "style": "$StyleTitleBlock",
                "text": "@stash"
            }
        },
        {
            "type": "TextBoxWidget", "name": "gold_amount",
            "fields": {
                "rect": { "x": 777, "y": 1386, "width": 249, "height": 48 },
                "style": "$StyleGoldAmount"
            }
        },
        {
            "type": "ButtonWidget", "name": "gold_withdraw",
            "fields": {
                "rect": { "x": 717, "y": 1383 },
                "filename": "PANEL\\GoldButton",
                "hoveredFrame": 3,
                "tooltipString": "@strGoldWithdraw",
                "onClickMessage": "BankPanelMessage:Withdraw"
            }
        },
        {
            "type": "ButtonWidget", "name": "close",
            "fields": {
                "rect": { "x": 1675, "y": -210 },
                "filename": "PANEL\\closebtn_4x",
                "hoveredFrame": 3,
                "tooltipString": "@strClose",
                "sound": "cursor_close_window_hd",
                "onClickMessage": "BankPanelMessage:Close",
            },
        },
        {
            "type": "InventoryGridWidget", "name": "grid",
            "fields": {
                "rect": { "x": 95, "y": 25 },
                "cellCount": { "x": 16, "y": 13 },
                "cellSize": "$ItemCellSize",
                "gemSocketFilename": "PANEL\\gemsocket"
            }
        },
        {
            "type": "TabBarWidget", "name": "BankTabs",
            "fields": {
                "rect": { "x": 82, "y": -46 },
                "tabCount": 8,
                "filename": "PANEL\\stash\\Stash_Tabs2",
                "inactiveFrames": [ 0, 0, 0, 0, 0, 0, 0, 0 ],
                "activeFrames": [ 1, 1, 1, 1, 1, 1, 1, 1 ],
                "disabledFrames": [0, 0, 0, 0, 0, 0, 0, 0 ],
                "textStrings": [ "@personal", "Classic", "Classic", "Classic", "Classic", "Classic", "Classic", "Classic"],
                "textStyle": { "pointSize": "$SmallPanelFontSize" },
                "activeTextColor": "$TabsActiveTextColor",
                "inactiveTextColor": "$TabsInactiveTextColor",
                "tabSize": { "x": 198, "y": 75 },
                "tabPadding": { "x": 0, "y": 0 },
                "onSwitchTabMessage": "BankPanelMessage:SelectTab",
                "onSwitchTabMessage": "BankPanelMessage:SelectTab"
            }
        }
    ]
}
