{
    "type": "BankPanel", "name": "BankExpansionLayout",
    "fields": {
        "priority": 0,
        "anchor": "$LeftPanelAnchor",
        "rect": { "x": -1535, "y": -502, "width": 0, "height": 0 },
    },
    "children": [
        {
            "type": "ClickCatcherWidget", "name": "click_catcher",
            "fields": {
                "rect": "$PanelClickCatcherRect"
            },
        },
        {
            "type": "ImageWidget", "name": "background",
            "fields": {
                "filename": "controller\\panel\\Stash\\v2\\StashPanelBG_Edit",
                "rect": { "x": 0, "y": -210 }
            }
        },
        {
            "type": "ImageWidget", "name": "LeftHinge",
            "fields": {
                "rect": "$LeftHingeRect",
                "filename": "$LeftHingeSprite"
            }
        },
        {
            "type": "TextBoxWidget", "name": "title",
            "fields": {
                "rect": { "x": 877, "y": -112 },
                "style": "$StyleTitleBlock",
                "text": ""
            }
        },
        {
            "type": "TextBoxWidget", "name": "gold_amount",
            "fields": {
                "rect": { "x": 780, "y": 1408 },
                "style": "$StyleGoldAmount"
            }
        },
        {
            "type": "ButtonWidget", "name": "gold_withdraw",
            "fields": {
                "rect": { "x": 703, "y": 1372 },
                "filename": "PANEL\\GoldButton",
                "hoveredFrame": 3,
                "tooltipString": "@strGoldWithdraw",
                "onClickMessage": "BankPanelMessage:Withdraw"
            }
        },
        {
            "type": "disabled", "name": "close",
            "fields": {
                "rect": { "x": 1675, "y": -210 },
                "filename": "PANEL\\closebtn_4x",
                "hoveredFrame": 3,
                "tooltipString": "@strClose",
                "sound": "cursor_close_window_hd",
                "onClickMessage": "BankPanelMessage:Close",
            },
            
        },
        {
            "type": "InventoryGridWidget", "name": "grid",
            "fields": {
                "rect": { "x": 91, "y": 25 },
                "cellCount": { "x": 16, "y": 13 },
                "cellSize": "$ItemCellSize",
                "gemSocketFilename": "PANEL\\gemsocket"
            }
        },
        {
            "type": "TabBarWidget", "name": "BankTabs",
            "fields": {
                "rect": { "x": 82, "y": -46 },
                "tabCount": 8,
                "filename": "PANEL\\stash\\Stash_Tabs2",
                "inactiveFrames": [ 0, 0, 0, 0, 0, 0, 0, 0 ],
                "activeFrames": [ 1, 1, 1, 1, 1, 1, 1, 1 ],
                "disabledFrames": [0, 0, 0, 0, 0, 0, 0, 0 ],
                "textStrings": [ "@personal", "@shared", "@shared", "@shared", "@shared", "@shared", "@shared", "@shared"],
                "textStyle": { "pointSize": "$SmallPanelFontSize" },
                "activeTextColor": "$TabsActiveTextColor",
                "inactiveTextColor": "$TabsInactiveTextColor",
                "tabSize": { "x": 198, "y": 75 },
                "tabPadding": { "x": 0, "y": 0 },
                "onSwitchTabMessage": "BankPanelMessage:SelectTab",
                "tabLeftIndicatorPosition": { "x": -42, "y": -2 },
                "tabRightIndicatorPosition": { "x": 1625, "y": -2 },
                "focusOnMouseOver": true,
            }
        }
    ]
}
