{
    "basedOn": "BankOriginalLayoutHD.json",
    "type": "BankPanel", "name": "BankExpansionLayout",
    "children": [
        {
            "type": "ClickCatcherWidget", "name": "click_catcher",
			"fields": {
				"rect": {"y": -210, "width": 1753, "height": 1798 },
            }
			
        },
        {
            "type": "ImageWidget", "name": "background",
            "fields": {
                "filename": "PANEL\\Stash\\StashPanel_BG2",
                "rect": { "x": 0, "y": -210 }
            }
        },
        {
            "type": "ImageWidget", "name": "LeftHinge"
        },
        {
            "type": "TextBoxWidget", "name": "title"
        },
        {
            "type": "TextBoxWidget", "name": "gold_amount",
            "fields": {
                "rect": { "x": 780, "y": 1382 }
            }
        },
        {
            "type": "ButtonWidget", "name": "gold_withdraw",
            "fields": {
                "rect": { "x": 703, "y": 1372 }
            }
        },
        {
            "type": "ButtonWidget", "name": "close"
        },
        {
            "type": "InventoryGridWidget", "name": "grid",
            "fields": {
                "rect": { "x": 91, "y": 25 },
                "cellCount": { "x": 16, "y": 13 }
            }
        },
        {
            "type": "TabBarWidget", "name": "BankTabs",
            "fields": {
                "rect": { "x": 82, "y": -46 },
                "tabCount": 8,
                "filename": "PANEL\\stash\\Stash_Tabs2",
                "inactiveFrames": [ 0, 0, 0, 0, 0, 0, 0, 0 ],
                "activeFrames": [ 1, 1, 1, 1, 1, 1, 1, 1 ],
                "disabledFrames": [-1, 0, 0, 0, 0, 0, 0, 0 ],
                "textStrings": [ "@personal", "@shared", "@shared", "@shared", "@shared", "@shared", "@shared", "@shared"],
                "textStyle": { "pointSize": "$SmallPanelFontSize" },
                "activeTextColor": "$TabsActiveTextColor",
                "inactiveTextColor": "$TabsInactiveTextColor",
                "tabSize": { "x": 198, "y": 75 },
                "tabPadding": { "x": 0, "y": 0 },
                "onSwitchTabMessage": "BankPanelMessage:SelectTab"
            }
        }
    ]
}
